{
  "n_rounds": 120,
  "n_contexts": 15,
  "n_arms": 27,
  "eval_reward_random_h": 3.2170332021820984,
  "eval_reward_ucb1_h": 2.5867940265925924,
  "eval_reward_linucb_h": 2.7447889321111107,
  "oracle_reward_h": 2.4476516092592586,
  "m8_grid_best_reward_h": 2.510991651925926,
  "m8_grid_best_arm": [
    0.1,
    0.05,
    0.6
  ],
  "ucb1_pulls_top5": [
    [
      [
        0.4,
        0.05,
        0.6
      ],
      32
    ],
    [
      [
        0.1,
        0.4,
        0.3
      ],
      20
    ],
    [
      [
        0.1,
        0.2,
        0.3
      ],
      10
    ],
    [
      [
        0.4,
        0.2,
        0.0
      ],
      7
    ],
    [
      [
        0.1,
        0.05,
        0.3
      ],
      6
    ]
  ]
}